"USERID","USERPW","USERNAME","REGDATE","UPDATEDATE","ENABLED"
"user0","$2a$10$1bpGbGTad0PRibipepZXk.kgAAeHebuVY2S8vpYQrxwoZKEyXnLaq","일반사용자0",20/07/27,20/07/27,"1"
"user1","$2a$10$mK4VXmJmEbJQIL2Gk8XvL.3xE9tdAqjuvHgKh5J2B1ExteDJHWHTS","일반사용자1",20/07/27,20/07/27,"1"
"user2","$2a$10$0Jr7XK50TZcZvJiTHfqdz.a4NUl71AuULEn4sygHNJfTGS5FolBfq","일반사용자2",20/07/27,20/07/27,"1"
"user3","$2a$10$BUYCcvF5Qlzhq7JNjFX72u8FH2XL8/c1kyU.D5lNEnpvmYYW2go2m","일반사용자3",20/07/27,20/07/27,"1"
"user4","$2a$10$m4bArmHPxZ2bFuVDNLcYgOrkboKQByxdYPtnDLNqRWAqWzYDpAv9m","일반사용자4",20/07/27,20/07/27,"1"
"user5","$2a$10$.iXbXDXgnAU7x51V5IUiE.Tlwb4kPKLrCK7LcsrKxJ7oeK892LDji","일반사용자5",20/07/27,20/07/27,"1"
"user6","$2a$10$xfFh4PojyUHVSGzP5eRqsu6HBS2TRE/pPluLSR5T4QR23tu4v0UiC","일반사용자6",20/07/27,20/07/27,"1"
"user7","$2a$10$tbwytYd6YcuEST58wvvxLuQ3m/AVBYg94xrIMzGbcp0WaVWoMMMGq","일반사용자7",20/07/27,20/07/27,"1"
"user8","$2a$10$F5ijQP8mkSiq2YVjfaSPi.Dwo6kvAWML79dZI6JSes5BnteEkudNi","일반사용자8",20/07/27,20/07/27,"1"
"user9","$2a$10$D6TT7IVHQl3/HvI70WGEgOHs3jlQg/v8Th/LnkERNw.NPlY.FOYJK","일반사용자9",20/07/27,20/07/27,"1"
"user10","$2a$10$/KkPsBBmQbho7wVbV1LeZ.nxoV4sLSfHs36sogsLOqjeMjRPTOFpC","일반사용자10",20/07/27,20/07/27,"1"
"user11","$2a$10$vHYshec3ugD/Z1uElWDJ2eEJuNQtxSn8cTfjOBAv6AGJzwsANDEFG","일반사용자11",20/07/27,20/07/27,"1"
"user12","$2a$10$smKuLJgKhV299jJ/1nrd4O/ThRyvZofWcEo61DvhPVpGgd3/Zmg7C","일반사용자12",20/07/27,20/07/27,"1"
"user13","$2a$10$ZKNeshvLIjXX7whiVdM4TeS.K2nCJtj0DgGWIJw7ILz911lF7iD3q","일반사용자13",20/07/27,20/07/27,"1"
"user14","$2a$10$zcl/L5t8bIKTSatr9GJK5Ocspwp9p3lmkBsPiVpX4koj7HGlv/QP.","일반사용자14",20/07/27,20/07/27,"1"
"user15","$2a$10$61f6Tv0Iq0ZB0WI4soEESuwrDe2uE/Vrk9XSrR68Oal9D1OOdxnYq","일반사용자15",20/07/27,20/07/27,"1"
"user16","$2a$10$4oLsqg8CV9PK9IFjGfO6d.eSHEXEZ7e0zSSmNC8s4rqnGagFOZzdW","일반사용자16",20/07/27,20/07/27,"1"
"user17","$2a$10$JCXmfFfy6W9b0G6g30nFLulOK7E0ds6r2QN2HLEA.m7xiQC4afODW","일반사용자17",20/07/27,20/07/27,"1"
"user18","$2a$10$BlklEziC4WMEUKot4UqOretzfNSlc8LZnh1avma3sfsXwVZ/Fk2s6","일반사용자18",20/07/27,20/07/27,"1"
"user19","$2a$10$4t9grm3CdHg21kgVXnXMp..oKVsqO0xaNV/CWs3lzNRjX1daMuGVG","일반사용자19",20/07/27,20/07/27,"1"
"user20","$2a$10$X3/JEuHbKu3U7vmYihczPOZqjZzvd/7pHUlp8DqovTXDiKdhDi4pu","일반사용자20",20/07/27,20/07/27,"1"
"user21","$2a$10$0EzgLHTG1abKWkeMUVc2fuoZqZaFLQRqoM3MFoRogs/GxPSId2ZLS","일반사용자21",20/07/27,20/07/27,"1"
"user22","$2a$10$zJoMbqv4BoeJjbtGXqydaOxeFBO4OC4Kz.dqSR1xU1LdhAKMVVw2C","일반사용자22",20/07/27,20/07/27,"1"
"user23","$2a$10$E6599.ISKEat23u/uuxw1ujrX7CBqaN32OZrEaLZd3llA7CaYAAxS","일반사용자23",20/07/27,20/07/27,"1"
"user24","$2a$10$papVBnGO8/exE690LMeCt.EdZP0TkjNecCgTGW1ntrRmcl1ET/cz6","일반사용자24",20/07/27,20/07/27,"1"
"user25","$2a$10$woArpn/T6Ab4iAnayrXd2.B9KGraxsv8yuCsons7l2v9y5ngz4.Yu","일반사용자25",20/07/27,20/07/27,"1"
"user26","$2a$10$yIHMO4HVjpp99/vOiXDlyu.r6VBBkv75nO2HMFHkQvZEme7oPS.oi","일반사용자26",20/07/27,20/07/27,"1"
"user27","$2a$10$Y./p.rNVc4SgPFG.5QPNQeXshpkMLlwyzwTKsJFQdfBUutnC84Fma","일반사용자27",20/07/27,20/07/27,"1"
"user28","$2a$10$e42dSfZaKOk0JjAdzyl39.K9r5s.eUJFzaOapJNfFYSoXTmanGKPO","일반사용자28",20/07/27,20/07/27,"1"
"user29","$2a$10$oGHTLUiE.exoqNVRvyvPc.fW3IyplTm8MLwWlDsWmsoV8scc67zg.","일반사용자29",20/07/27,20/07/27,"1"
"user30","$2a$10$mKmoULwz2vCxMIWQJwLi2uxRm7DxvYxE5zLUTek9XoNi/kWLwW3Ke","일반사용자30",20/07/27,20/07/27,"1"
"user31","$2a$10$cIWX6mDL0fiqPbkY8r7zHOvKu8hw.GJ3VCuCBFkz1izbRoL2EKHUS","일반사용자31",20/07/27,20/07/27,"1"
"user32","$2a$10$t2HaNqSC/SL5YexSsRQqtet9uv8As9krHSfurm5uMqxmPq1/lkZwy","일반사용자32",20/07/27,20/07/27,"1"
"user33","$2a$10$jikNMBzrFeZhbklT4W0qROzs9YEKevuYcQt62CbbNhDtIrenlDP8O","일반사용자33",20/07/27,20/07/27,"1"
"user34","$2a$10$mkfDXL1bNiqCwMXbbIscb.8ExMLkiFd.aZBcxI8JSiURwqCbTREuG","일반사용자34",20/07/27,20/07/27,"1"
"user35","$2a$10$YBxgtFWbCA805IpEJciLy.V3gLwiSi63biVWm4jEsE/imhXMXi2QG","일반사용자35",20/07/27,20/07/27,"1"
"user36","$2a$10$0BHrUEP2xZj4buaNgi3V0OuaKX/rLfvtaomYbtlJtEfjDVvMpCTGO","일반사용자36",20/07/27,20/07/27,"1"
"user37","$2a$10$ckcAGSTpbwa7yjcOEmdd0ewE5r6qg/MdOA3hK02sqF02IQx7n5k1a","일반사용자37",20/07/27,20/07/27,"1"
"user38","$2a$10$w6Ogft7YjaImgBBcFoEiY.D6K8Sq8fBc1pfbrQfBBAheu/cUIZYda","일반사용자38",20/07/27,20/07/27,"1"
"user39","$2a$10$TA8p35POW2tfGp7k3oxhM.4NMO0qezA8Z9f9sghbYdGaYNEs9bBb6","일반사용자39",20/07/27,20/07/27,"1"
"user40","$2a$10$K2GewTXw6/n8.1qjKyz2.OkdUxP9Gtu.OvdsZG9ElAxoOxUIb97wy","일반사용자40",20/07/27,20/07/27,"1"
"user41","$2a$10$zGm851Xh9vISYFzkGxVeXec7TTMe7dD858IEELRxVs3T9NhoLhCru","일반사용자41",20/07/27,20/07/27,"1"
"user42","$2a$10$aVkQ5QTIK.eC3sGcJfsGFukGxV/z0w1v3kbbfGMuJ/VGJ87Ku4O.6","일반사용자42",20/07/27,20/07/27,"1"
"user43","$2a$10$o4beaD0IAQJqmrwyHhDBsOVggDSEFg39Lkq3IyEOAFrZJu.91/Cq6","일반사용자43",20/07/27,20/07/27,"1"
"user44","$2a$10$y49kC3wHqzPYLJsOtmptWeOpzAFooHzgmt8.QG1g9jQ8Brut9EMBe","일반사용자44",20/07/27,20/07/27,"1"
"user45","$2a$10$pRPC7Bq4Vr9qJbCcxb9I/OmK9sIcvBMqRZHw4o9T.vo9yxSp0w9nq","일반사용자45",20/07/27,20/07/27,"1"
"user46","$2a$10$golYeI6r5bXXkk6PXHX2XeZRrxaerHhHakZAhM9.fe7u0gkTqO7kO","일반사용자46",20/07/27,20/07/27,"1"
"user47","$2a$10$RPTGkARn.Rf/iUQ.u7JeRujsM2W2VOPPNR0TyvtXry3Mf8D60RgSm","일반사용자47",20/07/27,20/07/27,"1"
"user48","$2a$10$afDvTUze4dQprravARAQE.7ebizi2//o11N6NdUqW9ejY/vO.eHRa","일반사용자48",20/07/27,20/07/27,"1"
"user49","$2a$10$8Gey.4m2IF1HkWSYI2uoPuxMAWjyireF29JxDxQkhK1iKS7v6yuni","일반사용자49",20/07/27,20/07/27,"1"
"user50","$2a$10$loBaTj/Vho9b8hligv3ES.TXofbOeEJFI3QSAuLe/3fp7PBtD7nSe","일반사용자50",20/07/27,20/07/27,"1"
"user51","$2a$10$QS.X55KH4DEdX58wGgevFe/Z9tYHG7P.hqvlf2ImWdBbJD8dkoRh6","일반사용자51",20/07/27,20/07/27,"1"
"user52","$2a$10$Mned1/izgfPMISTqVzX26.50ZgxZ7CJi3Mh2qab1EX7Kvo7ivDiim","일반사용자52",20/07/27,20/07/27,"1"
"user53","$2a$10$lweWlQEVkrcD6MBv0RaTUOlqjnmNms/t2pK0O2ucLY2dEhzjihWCC","일반사용자53",20/07/27,20/07/27,"1"
"user54","$2a$10$Fb47rVbuT3ImHvMQqALho.HBEDKzcSGUU/zRucRzL4RYikS4mKJ6C","일반사용자54",20/07/27,20/07/27,"1"
"user55","$2a$10$WlvGRo9ZyH2iAMfo4l7sZuxSHCf02d38sWkCkUfmUjjszb3SpR7aa","일반사용자55",20/07/27,20/07/27,"1"
"user56","$2a$10$jjZXqxgr0HhAY3GE77MJu.RlOlV2Kn8VT/5eGz3g1uiIxwirkHp1K","일반사용자56",20/07/27,20/07/27,"1"
"user57","$2a$10$THENqJEQ3/kG8gRoftXQB.U8StELu9XAyGnL/QA2B5UcsY.5whwMm","일반사용자57",20/07/27,20/07/27,"1"
"user58","$2a$10$pNViy59.cbJdWOFjNkYwiOuAR/.UNqdjqDyQBr6wse.ULsu7El6am","일반사용자58",20/07/27,20/07/27,"1"
"user59","$2a$10$Vc2fuV27kYYQnSbL4WWjd.a22QQykOqEALvgjBaqlTGV983aMi8ey","일반사용자59",20/07/27,20/07/27,"1"
"user60","$2a$10$YQ3c1dfdWFiSFr3JWK51Me5PucMC9/KfOkw8JIprG8fLoJVFWHVE6","일반사용자60",20/07/27,20/07/27,"1"
"user61","$2a$10$hV33gXyOlsitu9.Uu0fGneIFctrOCDX8KE8XvOxbfStqEppP082rW","일반사용자61",20/07/27,20/07/27,"1"
"user62","$2a$10$Q6.yILAtWwRteB59ZdFo8uE7jF3mO1L0eeLqbV9qJosyrOvVd1aiu","일반사용자62",20/07/27,20/07/27,"1"
"user63","$2a$10$RzwyoqFvkL79jxb06zBKQ.TEm.ZP2kmjHhGWraSO0Qglye97fEFC2","일반사용자63",20/07/27,20/07/27,"1"
"user64","$2a$10$7OO/X0TE4XqAuOCV8flRuOraTBIWkzzmXXthEx80APo1k9kjFcBA2","일반사용자64",20/07/27,20/07/27,"1"
"user65","$2a$10$lRUWQ.A2MdBZew5dVIXT5.LkgWvSH4XqSzPbgZsRehbBU.o6/42ZS","일반사용자65",20/07/27,20/07/27,"1"
"user66","$2a$10$dAN3lCg8hjQo4L0VQxV96OXskOQycqnU0/TVr6N0P6.thorg8ktkG","일반사용자66",20/07/27,20/07/27,"1"
"user67","$2a$10$u3SvWMNdu0DlYKp2.tTgGeV15zu.TNXieR7Z.FNnmjku5DbiviOle","일반사용자67",20/07/27,20/07/27,"1"
"user68","$2a$10$0uVJLmdjP60t7bBV7zfmteF4T4cSIV.hJCzljpduuzudHfhZs45Ti","일반사용자68",20/07/27,20/07/27,"1"
"user69","$2a$10$6IstwnLDyZgxBwlgDqcxRuMkRqYTfLX0ia2HCnugVsw649H.kCVSe","일반사용자69",20/07/27,20/07/27,"1"
"user70","$2a$10$DeRI4DNRAocTijJpAR9j4.wZi6JeUcXxyez15t52m.DjKGh3.RVjq","일반사용자70",20/07/27,20/07/27,"1"
"user71","$2a$10$2Yjp2UM2aYb25Y2d.CKL4.YBQbAH2ZNcyAq7VnFmOfU.xXxG/0HPC","일반사용자71",20/07/27,20/07/27,"1"
"user72","$2a$10$eKMZ60ry/LLs9ivwLOT9NeTl.ZZcrNRdDzTPeFEetL2kotpu3f8ba","일반사용자72",20/07/27,20/07/27,"1"
"user73","$2a$10$oZcexykwBrAOlZtVe.2lr.CS.D6R.xdebjkUqebdI72zVaUQnPPDK","일반사용자73",20/07/27,20/07/27,"1"
"user74","$2a$10$r35mFOYHu4j6mrDweiNSAuJ7zLucd1xFVPW0NTztiwrDTJz4EmRCW","일반사용자74",20/07/27,20/07/27,"1"
"user75","$2a$10$t8Es7yun0BNjQG5uXkA.FuTrR/iX/LkYuZvimJJxh0C25YAAJ/U7y","일반사용자75",20/07/27,20/07/27,"1"
"user76","$2a$10$iQinkQXiBA.Olw84SvihK.y5YdPsWWc74iQENFMIv3HgBoUQCokMy","일반사용자76",20/07/27,20/07/27,"1"
"user77","$2a$10$ZAp./FSdf/8M.Rv5X/fcgORDxoFTuv/xjbC5dyQCrWm3h0OEVhloa","일반사용자77",20/07/27,20/07/27,"1"
"user78","$2a$10$IefLdVTJxViJiT1Wr5OAnOva9E6TMO0aGSYv/GzNMK5JBiZLnb1p.","일반사용자78",20/07/27,20/07/27,"1"
"user79","$2a$10$O2BbCjZSWqtdplYfkwIfEeHfTIw2nTPat7JPREBl5ZEiVCNAm5UV.","일반사용자79",20/07/27,20/07/27,"1"
"manager80","$2a$10$3naXc9gZcbF6GaVrkU5Dle/0eBSeWYIbz78tofIHx2jYdp3VodXH6","운영자80",20/07/27,20/07/27,"1"
"manager81","$2a$10$Du9C138vKmD5ZJOZCY0gi.BZAbSH.vVkJ6WxaTXjSGINscR11F6ey","운영자81",20/07/27,20/07/27,"1"
"manager82","$2a$10$0T1HOVRtdbnJVvl6Lq9NCehc2Rwl8D.euFcquqripja0oU8iiidkK","운영자82",20/07/27,20/07/27,"1"
"manager83","$2a$10$.eOKjHX9ftz9bQQVYaAwzuSacvEpxRQzS7VWRNA4/vjNjyUTU4ivy","운영자83",20/07/27,20/07/27,"1"
"manager84","$2a$10$sJj4uVCCd/uVc0oD.awHHOBbBAW79dQhHVfA1DL7rPOlSfcDWkyx6","운영자84",20/07/27,20/07/27,"1"
"manager85","$2a$10$9R0/0GN2Y.8YEsGC2QJdFOaVkQp2fzS.mNPVDYGmp2QnLuMYGsH9O","운영자85",20/07/27,20/07/27,"1"
"manager86","$2a$10$uiA0wtGlQi8UyIrp7z38y.y/XY61JHiQFkLDg0/Ubbd.e3V6CDoya","운영자86",20/07/27,20/07/27,"1"
"manager87","$2a$10$ML27QvN4DvxPTUtt/eFb9.FxccoG7s1ImXiRbgs1FrIEFM9Kl.qsW","운영자87",20/07/27,20/07/27,"1"
"manager88","$2a$10$ai4D3PKbV13rGkEUU/q9SOX0u2KKxVzVV8MezYBg5nfsAdHkHUSM2","운영자88",20/07/27,20/07/27,"1"
"manager89","$2a$10$QuKlfa6XIZiysUu6aMUMwekSFMF6W6ex96CPQLlVGwb1DctiiKY8C","운영자89",20/07/27,20/07/27,"1"
"admin90","$2a$10$EznJn0QsGn5KVkbhbZt2V.tCrx9jeesp29QjilWidU/wfQxbBNI3.","관리자90",20/07/27,20/07/27,"1"
"admin91","$2a$10$PU8gEddNEM4p8AP56r6pn.gUuhvOJz7u3kG.XjzYEAxinILG64cR2","관리자91",20/07/27,20/07/27,"1"
"admin92","$2a$10$z0FvIN/24vexL1NL.D18uer0ezmEp/J3I.7Ezr7XFNwpCQRVH6Y4i","관리자92",20/07/27,20/07/27,"1"
"admin93","$2a$10$ekAZUMRuSg2.XBKZ.cz0geCkZGM1zcM1b/qRSdKYvhTM5Dq1yBC56","관리자93",20/07/27,20/07/27,"1"
"admin94","$2a$10$xUYGSXTKhCNOZKC46BVxLueO.lu6LonQFYcc4zx.pScj9f1DTZ4uG","관리자94",20/07/27,20/07/27,"1"
"admin95","$2a$10$iyHORtejU6jhxeUIz8MbUOi7iGWN7WPyQoFsXHIwHhfYY22BQ1Sfa","관리자95",20/07/27,20/07/27,"1"
"admin96","$2a$10$oa0kS9ONkBItDD62EzH7i.sdbYl3UH8abRUWnqUIPtGA.RC5WEVBq","관리자96",20/07/27,20/07/27,"1"
"admin97","$2a$10$zlV27aP22oVoHZ4jpRl1bOcDeEvKbPJw5L0Zh0gzspQmTUI86XXo6","관리자97",20/07/27,20/07/27,"1"
"admin98","$2a$10$Wu.iDaMKcfGycs9KwZGBIefMMkD2YJ/1mus8fZxTBgKKE6OSVDErm","관리자98",20/07/27,20/07/27,"1"
"admin99","$2a$10$B.HiN5jMM24wETxcEHxzYOU2NHwOY2EzVViBD3tVYvao33MMf9WSS","관리자99",20/07/27,20/07/27,"1"
